date,sleep_hours,water_liters,food_quality,activity_minutes,energy_level,headache,pain,temperature,heart_rate
2026-09-28,7.5,2.5,8,45,8,0,0,36.7,72
2026-09-29,6.0,1.8,6,30,6,1,0,36.8,78
2026-09-30,5.5,1.5,5,20,5,1,2,37.0,82
2026-10-01,8.0,2.8,9,60,9,0,0,36.6,70
2026-10-02,7.0,2.2,7,40,7,0,1,36.7,75
2026-10-06,7.0,2.0,7,30,7,1,1,37.4,76
2026-10-06,7.0,2.0,7,30,7,1,1,37.4,76
2026-10-06,9.0,2.2,5,20,7,1,3,37.8,72
2026-10-06,9.0,2.2,5,20,7,1,3,37.8,72
2026-10-06,9.0,2.2,5,20,7,1,3,37.8,72
2026-10-06,9.0,2.2,5,20,7,1,3,37.8,72
